id,Transmission_Capacity_MW,cost_transmission
1,13762.491365162965,2.6592573940336138e8
