node,plant_id,SOCmax,hours,type,Fixed_Cost_Lifetime,Lifetime,WACC,CRF,Fixed_Cost,c1,c0,Eff
1,1,100000000,5,batteries,2035000,10,0.07,0.142377503,289738.2186,0,0.68,0.92
1,2,100000000,12,hydro_storage,927000,75,0.07,0.070440595,65298.43157,0,6.07,0.866
1,3,665900,5,EV_shift,0,10,0,0,0,0,0,0.92
2,4,100000000,5,batteries,2035000,10,0.07,0.142377503,289738.2186,0,0.68,0.95
2,5,100000000,12,hydro_storage,927000,75,0.07,0.070440595,65298.43157,0,6.07,0.866
2,6,266360,5,EV_shift,0,10,0,0,0,0,0,0.92